Workbook

Sheet Instructions
B2: AI Adoption KPI Capture Workbook
B3: Companion tracker for the AI Adoption KPI Framework deck
B5: How to use this workbook
B6: 1. KPI Scorecard | C6: One row per KPI, pre-loaded from the framework deck (29 rows: 25 team KPIs + 4 governance KPIs). Fill in the yellow cells only: Baseline, Target, Current Value, Owner, and Last Updated. Status calculates automatically.
B7: 2. Dashboard | C7: Live summary of Status and per-team counts, driven by formulas off the KPI Scorecard tab. Nothing to edit here — it updates as the Scorecard is filled in.
B9: Column reference (KPI Scorecard tab)
B10: Direction | C10: Whether a higher or lower value is the good outcome for that KPI. Pre-set — do not change unless the metric definition changes.
B11: Baseline | C11: The pre-AI value captured before rollout. Required before Status can read as anything but "Not Started".
B12: Target | C12: The value the team is aiming for at the next checkpoint.
B13: Current Value | C13: The latest measured value. Update this each reporting cycle (see Frequency column).
B14: Status | C14: Auto-calculated: On Track (met/exceeded target), In Progress (better than baseline, short of target), Off Track (at or worse than baseline), Not Started (no Current Value yet).
B15: Owner | C15: Named individual accountable for reporting this KPI — not a team name.
B16: Frequency | C16: How often Current Value is refreshed: Weekly, Biweekly, Monthly, or Quarterly.
B18: Reporting cadence (from the framework deck)
B19: Quick Wins | C19: First checkpoint at week 4, full review at week 8. Focus on adoption ramp.
B20: Strategic Priorities | C20: Baseline in month 1, first real read at end of quarter. Focus on outcome quality.
B22: Example row | C22: Row 5 on the KPI Scorecard tab is filled in as a worked example — delete or overwrite it once your team's real data is in.
B24: Cell color legend
C25: Yellow fill — cell for you to fill in
C26: Green Status — On Track
C27: Amber Status — In Progress
C28: Red Status — Off Track
C29: Grey Status — Not Started

Sheet KPI Scorecard
A1: AI Adoption KPI Scorecard — Liquid Alternatives Operations
A2: Fill in yellow cells only. Status calculates automatically from Baseline, Target, and Current Value.
A4: Team | B4: KPI Type | C4: KPI Name | D4: Direction | E4: Baseline | F4: Target | G4: Current Value | H4: Status | I4: Owner | J4: Frequency | K4: Last Updated | L4: Notes
A5: Project Managers | B5: Adoption | C5: % of eligible work items using AI-assisted estimation / planning | D5: Higher is Better | E5: 12 | F5: 60 | G5: 38 | H5: =IF(G5="","Not Started",IF(D5="Higher is Better",IF(G5>=F5,"On Track",IF(G5>E5,"In Progress","Off Track")),IF(G5<=F5,"On Track",IF(G5<E5,"In Progress","Off Track")))) -> In Progress | I5: Aidan Murphy | J5: Biweekly | K5: 2026-08-04 | L5: Worked example — overwrite with real data
A6: Project Managers | B6: Adoption | C6: Weekly active use of AI planning tooling across the PM pool | D6: Higher is Better | H6: =IF(G6="","Not Started",IF(D6="Higher is Better",IF(G6>=F6,"On Track",IF(G6>E6,"In Progress","Off Track")),IF(G6<=F6,"On Track",IF(G6<E6,"In Progress","Off Track")))) -> Not Started
A7: Project Managers | B7: Outcome | C7: Forecast accuracy delta vs. historical baseline (2-3 sprint rolling) | D7: Higher is Better | H7: =IF(G7="","Not Started",IF(D7="Higher is Better",IF(G7>=F7,"On Track",IF(G7>E7,"In Progress","Off Track")),IF(G7<=F7,"On Track",IF(G7<E7,"In Progress","Off Track")))) -> Not Started
A8: Project Managers | B8: Outcome | C8: Cycle time reduction on sprint reporting / status decks (%) | D8: Higher is Better | H8: =IF(G8="","Not Started",IF(D8="Higher is Better",IF(G8>=F8,"On Track",IF(G8>E8,"In Progress","Off Track")),IF(G8<=F8,"On Track",IF(G8<E8,"In Progress","Off Track")))) -> Not Started
A9: Project Managers | B9: Outcome | C9: Risk identification lead time — days flagged earlier vs. manual | D9: Higher is Better | H9: =IF(G9="","Not Started",IF(D9="Higher is Better",IF(G9>=F9,"On Track",IF(G9>E9,"In Progress","Off Track")),IF(G9<=F9,"On Track",IF(G9<E9,"In Progress","Off Track")))) -> Not Started
A10: Business Analysts | B10: Adoption | C10: Stories / BRDs drafted with AI assistance vs. baseline (%) | D10: Higher is Better | H10: =IF(G10="","Not Started",IF(D10="Higher is Better",IF(G10>=F10,"On Track",IF(G10>E10,"In Progress","Off Track")),IF(G10<=F10,"On Track",IF(G10<E10,"In Progress","Off Track")))) -> Not Started
A11: Business Analysts | B11: Adoption | C11: Time-to-first-draft for BRDs, use cases, acceptance criteria (days) | D11: Lower is Better | H11: =IF(G11="","Not Started",IF(D11="Higher is Better",IF(G11>=F11,"On Track",IF(G11>E11,"In Progress","Off Track")),IF(G11<=F11,"On Track",IF(G11<E11,"In Progress","Off Track")))) -> Not Started
A12: Business Analysts | B12: Outcome | C12: Downstream defect / rework rate on AI-assisted stories (%) | D12: Lower is Better | H12: =IF(G12="","Not Started",IF(D12="Higher is Better",IF(G12>=F12,"On Track",IF(G12>E12,"In Progress","Off Track")),IF(G12<=F12,"On Track",IF(G12<E12,"In Progress","Off Track")))) -> Not Started
A13: Business Analysts | B13: Outcome | C13: Stakeholder review cycles reduced per document (%) | D13: Higher is Better | H13: =IF(G13="","Not Started",IF(D13="Higher is Better",IF(G13>=F13,"On Track",IF(G13>E13,"In Progress","Off Track")),IF(G13<=F13,"On Track",IF(G13<E13,"In Progress","Off Track")))) -> Not Started
A14: Business Analysts | B14: Outcome | C14: Traceability coverage — AI-assisted impact analysis across services (%) | D14: Higher is Better | H14: =IF(G14="","Not Started",IF(D14="Higher is Better",IF(G14>=F14,"On Track",IF(G14>E14,"In Progress","Off Track")),IF(G14<=F14,"On Track",IF(G14<E14,"In Progress","Off Track")))) -> Not Started
A15: Application Managers | B15: Adoption | C15: % of production incidents using AI-assisted triage / RCA | D15: Higher is Better | H15: =IF(G15="","Not Started",IF(D15="Higher is Better",IF(G15>=F15,"On Track",IF(G15>E15,"In Progress","Off Track")),IF(G15<=F15,"On Track",IF(G15<E15,"In Progress","Off Track")))) -> Not Started
A16: Application Managers | B16: Adoption | C16: Change & release documentation generated or reviewed via AI (%) | D16: Higher is Better | H16: =IF(G16="","Not Started",IF(D16="Higher is Better",IF(G16>=F16,"On Track",IF(G16>E16,"In Progress","Off Track")),IF(G16<=F16,"On Track",IF(G16<E16,"In Progress","Off Track")))) -> Not Started
A17: Application Managers | B17: Outcome | C17: MTTR reduction: AI-assisted vs. non-AI-assisted incidents (%) | D17: Higher is Better | H17: =IF(G17="","Not Started",IF(D17="Higher is Better",IF(G17>=F17,"On Track",IF(G17>E17,"In Progress","Off Track")),IF(G17<=F17,"On Track",IF(G17<E17,"In Progress","Off Track")))) -> Not Started
... A33: Governance | B33: Cross-Cutting | C33: Adoption curve by team — active users per tool (%) | D33: Higher is Better | H33: =IF(G33="","Not Started",IF(D33="Higher is Better",IF(G33>=F33,"On Track",IF(G33>E33,"In Progress","Off Track")),IF(G33<=F33,"On Track",IF(G33<E33,"In Progress","Off Track")))) -> Not Started

Sheet Dashboard
A1: KPI Dashboard
A2: Live — recalculates from the KPI Scorecard tab
A4: Status | B4: Count of KPIs | D4: Team | E4: On Track | F4: Off Track
A5: On Track | B5: =COUNTIF('KPI Scorecard'!H5:H33,A5) -> 0 | D5: Project Managers | E5: =COUNTIFS('KPI Scorecard'!A5:A33,D5,'KPI Scorecard'!H5:H33,"On Track") -> 0 | F5: =COUNTIFS('KPI Scorecard'!A5:A33,D5,'KPI Scorecard'!H5:H33,"Off Track") -> 0
A6: In Progress | B6: =COUNTIF('KPI Scorecard'!H5:H33,A6) -> 1 | D6: Business Analysts | E6: =COUNTIFS('KPI Scorecard'!A5:A33,D6,'KPI Scorecard'!H5:H33,"On Track") -> 0 | F6: =COUNTIFS('KPI Scorecard'!A5:A33,D6,'KPI Scorecard'!H5:H33,"Off Track") -> 0
A7: Off Track | B7: =COUNTIF('KPI Scorecard'!H5:H33,A7) -> 0 | D7: Application Managers | E7: =COUNTIFS('KPI Scorecard'!A5:A33,D7,'KPI Scorecard'!H5:H33,"On Track") -> 0 | F7: =COUNTIFS('KPI Scorecard'!A5:A33,D7,'KPI Scorecard'!H5:H33,"Off Track") -> 0
A8: Not Started | B8: =COUNTIF('KPI Scorecard'!H5:H33,A8) -> 28 | D8: QA Managers | E8: =COUNTIFS('KPI Scorecard'!A5:A33,D8,'KPI Scorecard'!H5:H33,"On Track") -> 0 | F8: =COUNTIFS('KPI Scorecard'!A5:A33,D8,'KPI Scorecard'!H5:H33,"Off Track") -> 0
D9: Dev Team Manager | E9: =COUNTIFS('KPI Scorecard'!A5:A33,D9,'KPI Scorecard'!H5:H33,"On Track") -> 0 | F9: =COUNTIFS('KPI Scorecard'!A5:A33,D9,'KPI Scorecard'!H5:H33,"Off Track") -> 0
A10: Total KPIs tracked | B10: =SUM(B5:B8) -> 29 | D10: Governance | E10: =COUNTIFS('KPI Scorecard'!A5:A33,D10,'KPI Scorecard'!H5:H33,"On Track") -> 0 | F10: =COUNTIFS('KPI Scorecard'!A5:A33,D10,'KPI Scorecard'!H5:H33,"Off Track") -> 0
